City_ID,City,Country,Date,Lat,Lng,Max Temp,Humidity,Cloudiness,Wind Speed
0,Bluff,NZ,2021-01-20 17:52:34,-46.6,168.3333,53.01,83,67,10.0
1,Ushuaia,AR,2021-01-20 17:52:34,-54.8,-68.3,59.0,47,40,16.11
2,Avarua,CK,2021-01-20 17:52:35,-21.2078,-159.775,80.6,83,20,6.91
3,Nome,US,2021-01-20 17:52:35,64.5011,-165.4064,10.4,61,90,6.91
4,Rikitea,PF,2021-01-20 17:52:36,-23.1203,-134.9692,78.1,75,25,15.17
5,Cairns,AU,2021-01-20 17:48:14,-16.9167,145.7667,75.2,94,75,8.05
6,Mataura,NZ,2021-01-20 17:52:38,-46.1927,168.8643,53.01,83,82,10.0
7,Acapulco,MX,2021-01-20 17:51:28,16.8634,-99.8901,86.0,58,20,4.61
8,Tura,IN,2021-01-20 17:50:04,25.5198,90.2201,57.87,92,1,3.76
9,Punta Arenas,CL,2021-01-20 17:50:06,-53.15,-70.9167,59.0,44,0,5.75
10,Port Blair,IN,2021-01-20 17:52:39,11.6667,92.75,77.47,66,71,7.45
11,Port Alfred,ZA,2021-01-20 17:52:40,-33.5906,26.891,70.0,84,75,1.99
12,Emba,KZ,2021-01-20 17:52:41,48.8264,58.1442,-1.53,93,98,3.42
13,Dikson,RU,2021-01-20 17:52:41,73.5069,80.5464,-9.67,92,100,7.65
14,Hermanus,ZA,2021-01-20 17:52:42,-34.4187,19.2345,71.01,67,0,5.01
15,Mwanza,TZ,2021-01-20 17:50:52,-2.5167,32.9,75.2,69,75,4.16
16,Ribeira Grande,PT,2021-01-20 17:52:43,38.5167,-28.7,66.2,88,75,18.41
17,Arraial Do Cabo,BR,2021-01-20 17:52:43,-22.9661,-42.0278,89.6,58,0,24.16
18,Chernyy Yar,RU,2021-01-20 17:52:44,48.0624,46.1091,6.67,92,68,9.46
19,Vadso,NO,2021-01-20 17:52:44,70.0744,29.7487,21.2,86,90,6.91
20,Aksu,CN,2021-01-20 17:52:45,41.1231,80.2644,20.26,89,65,1.28
21,Cape Town,ZA,2021-01-20 17:47:50,-33.9258,18.4232,70.0,64,0,17.27
22,Badhni Kalan,IN,2021-01-20 17:52:46,30.6833,75.2833,50.79,47,0,4.36
23,Kapaa,US,2021-01-20 17:52:47,22.0752,-159.319,73.4,88,75,11.5
24,Oistins,BB,2021-01-20 17:52:48,13.0667,-59.5333,82.4,65,40,18.41
25,Pindwara,IN,2021-01-20 17:52:51,24.8,73.0667,60.67,34,0,2.48
26,Yellowknife,CA,2021-01-20 17:52:32,62.456,-114.3525,-2.99,77,20,9.22
27,Ostrovnoy,RU,2021-01-20 17:52:51,68.0531,39.5131,12.54,92,100,10.33
28,Tuburan,PH,2021-01-20 17:52:52,6.6439,122.2736,81.21,79,84,4.14
29,Araouane,ML,2021-01-20 17:52:52,18.9048,-3.5265,76.33,16,16,7.92
30,Jalu,LY,2021-01-20 17:52:52,29.0331,21.5482,48.36,51,0,5.88
31,New Norfolk,AU,2021-01-20 17:52:53,-42.7826,147.0587,48.0,77,14,2.44
32,Opuwo,NA,2021-01-20 17:52:53,-18.0607,13.84,76.05,49,98,11.07
33,Qaanaaq,GL,2021-01-20 17:52:53,77.484,-69.3632,24.82,85,100,11.12
34,Atuona,PF,2021-01-20 17:52:53,-9.8,-139.0333,77.5,78,70,16.87
35,Souillac,MU,2021-01-20 17:52:53,-20.5167,57.5167,78.8,94,40,1.14
36,Busselton,AU,2021-01-20 17:52:53,-33.65,115.3333,66.0,86,1,1.99
37,Alice Springs,AU,2021-01-20 17:52:54,-23.7,133.8833,77.0,28,18,6.35
38,Airai,TL,2021-01-20 17:52:56,-8.9266,125.4092,61.86,100,89,2.55
39,Shitanjing,CN,2021-01-20 17:52:56,39.2342,106.3439,25.83,61,39,6.31
40,Hobart,AU,2021-01-20 17:49:47,-42.8794,147.3294,48.99,93,19,5.75
41,Athabasca,CA,2021-01-20 17:52:57,54.7169,-113.2854,33.8,51,85,23.02
42,Longyearbyen,SJ,2021-01-20 17:52:57,78.2186,15.6401,17.6,62,20,23.02
43,Porto Novo,BJ,2021-01-20 17:52:57,6.4965,2.6036,86.0,79,20,12.66
44,Lavrentiya,RU,2021-01-20 17:52:58,65.5833,-171.0,-11.06,84,100,9.91
45,Chuy,UY,2021-01-20 17:52:58,-33.6971,-53.4616,79.09,51,0,11.9
46,Thompson,CA,2021-01-20 17:52:58,55.7435,-97.8558,1.4,85,90,11.5
47,Oranjemund,NA,2021-01-20 17:52:58,-28.55,16.4333,68.32,70,34,7.49
48,Carnarvon,AU,2021-01-20 17:52:58,-24.8667,113.6333,77.0,94,75,17.27
49,Albany,US,2021-01-20 17:48:27,42.6001,-73.9662,33.01,56,87,3.0
50,Upernavik,GL,2021-01-20 17:52:59,72.7868,-56.1549,32.81,89,100,12.1
51,La Ronge,CA,2021-01-20 17:52:59,55.1001,-105.2842,33.8,86,90,17.27
52,Nyurba,RU,2021-01-20 17:52:59,63.2842,118.3319,-45.69,78,100,4.0
53,Elgin,US,2021-01-20 17:51:17,42.0373,-88.2812,19.99,63,1,4.61
54,Chicama,PE,2021-01-20 17:52:59,-7.8447,-79.1469,68.0,83,40,12.66
55,Kodinsk,RU,2021-01-20 17:53:00,58.6881,99.1844,-20.43,85,97,3.22
56,Tasiilaq,GL,2021-01-20 17:53:00,65.6145,-37.6368,10.4,67,20,4.61
57,Saint-Philippe,RE,2021-01-20 17:53:01,-21.3585,55.7679,82.4,74,90,3.44
58,Mar Del Plata,AR,2021-01-20 17:50:14,-38.0023,-57.5575,80.6,69,0,12.66
59,Serra Talhada,BR,2021-01-20 17:53:01,-7.9919,-38.2983,90.95,30,100,8.32
60,Faanui,PF,2021-01-20 17:53:02,-16.4833,-151.75,80.73,77,10,15.14
61,Yar-Sale,RU,2021-01-20 17:53:02,66.8333,70.8333,-22.83,87,100,10.94
62,Hobyo,SO,2021-01-20 17:53:02,5.3505,48.5268,78.64,81,98,22.17
63,Baft,IR,2021-01-20 17:53:02,29.234,56.6057,43.63,47,76,4.14
64,Lasa,IT,2021-01-20 17:53:03,46.6166,10.7002,33.01,73,0,3.44
65,Geraldton,AU,2021-01-20 17:53:03,-28.7667,114.6,73.4,83,40,6.91
66,Barrow,US,2021-01-20 17:53:04,71.2906,-156.7887,-5.8,84,90,14.97
67,Manokwari,ID,2021-01-20 17:53:06,-0.8667,134.0833,78.15,69,71,3.44
68,Novoorsk,RU,2021-01-20 17:53:06,51.381,58.9813,-0.4,71,41,24.61
69,Kaeo,NZ,2021-01-20 17:53:06,-35.1,173.7833,48.99,91,0,4.0
70,Vaini,TO,2021-01-20 17:53:06,-21.2,-175.2,78.8,89,75,5.75
71,Butaritari,KI,2021-01-20 17:53:08,3.0707,172.7902,79.92,81,45,18.37
72,Saskylakh,RU,2021-01-20 17:53:08,71.9167,114.0833,-33.03,82,100,4.23
73,Provideniya,RU,2021-01-20 17:53:08,64.3833,-173.3,-7.94,85,61,14.88
74,Morant Bay,JM,2021-01-20 17:53:08,17.8815,-76.4093,89.01,62,20,6.91
75,Pangody,RU,2021-01-20 17:53:09,65.85,74.4859,-28.73,84,55,8.12
76,Bredasdorp,ZA,2021-01-20 17:53:09,-34.5322,20.0403,69.8,64,3,14.97
77,Kirakira,SB,2021-01-20 17:53:09,-10.4544,161.9205,80.98,80,83,7.61
78,Chaplynka,UA,2021-01-20 17:53:09,46.3651,33.5403,20.57,92,34,8.1
79,Xining,CN,2021-01-20 17:53:09,36.6167,101.7667,22.71,64,87,1.79
80,Saint-Francois,FR,2021-01-20 17:53:10,46.4154,3.9054,51.8,62,0,12.66
81,Jamestown,US,2021-01-20 17:51:43,42.097,-79.2353,24.01,79,90,9.22
82,Hofn,IS,2021-01-20 17:53:11,64.2539,-15.2082,30.2,55,75,28.77
83,Nikolskoye,RU,2021-01-20 17:53:11,59.7035,30.7861,15.8,86,90,4.47
84,Tiksi,RU,2021-01-20 17:53:12,71.6872,128.8694,-25.37,86,100,4.03
85,Hilo,US,2021-01-20 17:53:12,19.7297,-155.09,69.8,78,75,6.91
86,Klaksvik,FO,2021-01-20 17:53:12,62.2266,-6.589,35.6,93,75,4.61
87,Fortuna,US,2021-01-20 17:53:12,40.5982,-124.1573,48.0,70,1,11.5
88,Itoman,JP,2021-01-20 17:53:13,26.1247,127.6694,69.8,73,75,8.05
89,Sorland,NO,2021-01-20 17:53:14,67.667,12.6934,32.0,74,75,10.36
90,Asuncion Nochixtlan,MX,2021-01-20 17:53:14,17.4667,-97.2333,61.84,66,88,14.54
91,Saint-Leu,RE,2021-01-20 17:53:15,-21.15,55.2833,82.4,74,90,3.44
92,Gotsu,JP,2021-01-20 17:53:15,35.0,132.2167,39.87,70,3,5.88
93,Meulaboh,ID,2021-01-20 17:53:16,4.1363,96.1285,76.96,86,99,3.47
94,Severo-Kurilsk,RU,2021-01-20 17:53:16,50.6789,156.125,19.24,94,100,31.81
95,Laguna,US,2021-01-20 17:53:16,38.421,-121.4238,53.01,46,1,3.94
96,Petropavlovsk-Kamchatskiy,RU,2021-01-20 17:53:16,53.0452,158.6483,6.8,78,93,4.47
97,Terrak,NO,2021-01-20 17:53:16,65.087,12.3715,32.0,59,40,18.41
98,Eureka,US,2021-01-20 17:53:17,40.8021,-124.1637,48.0,57,1,6.91
99,San Cristobal,VE,2021-01-20 17:50:33,7.7669,-72.225,82.4,61,40,16.11
100,Moron,AR,2021-01-20 17:53:17,-34.6534,-58.6198,91.99,31,0,4.61
101,Robertsport,LR,2021-01-20 17:53:17,6.7533,-11.3686,81.12,79,50,12.12
102,Mecca,SA,2021-01-20 17:53:17,21.4267,39.8261,69.6,52,4,9.06
103,Castro,BR,2021-01-20 17:53:17,-24.7911,-50.0119,68.0,90,100,2.06
104,Catuday,PH,2021-01-20 17:53:18,16.2923,119.8062,77.99,79,100,8.84
105,Nanortalik,GL,2021-01-20 17:53:19,60.1432,-45.2371,27.57,91,80,10.8
106,Atar,MR,2021-01-20 17:53:19,20.5169,-13.0499,77.9,14,100,12.08
107,Vostok,RU,2021-01-20 17:53:19,46.4856,135.8833,7.07,96,100,4.99
108,Oshikango,NA,2021-01-20 17:53:20,-17.4,15.8833,77.0,73,98,10.36
109,Lagoa,PT,2021-01-20 17:53:20,39.05,-27.9833,61.83,89,37,24.72
110,Khromtau,KZ,2021-01-20 17:53:20,50.2503,58.4347,-5.94,92,88,11.5
111,Sitka,US,2021-01-20 17:53:21,57.0531,-135.33,35.6,87,90,2.57
112,Huinan,CN,2021-01-20 17:53:21,42.6225,126.2614,24.69,96,98,7.18
113,Fare,PF,2021-01-20 17:53:21,-16.7,-151.0167,80.26,76,1,13.96
114,Port Elizabeth,ZA,2021-01-20 17:52:26,-33.918,25.5701,69.01,74,28,5.01
115,Fairbanks,US,2021-01-20 17:53:23,64.8378,-147.7164,10.99,85,90,2.64
116,Constitucion,CL,2021-01-20 17:53:24,-35.3333,-72.4167,67.82,66,66,6.22
117,Codrington,AU,2021-01-20 17:48:55,-38.2667,141.9667,51.21,80,83,7.94
118,Dumas,US,2021-01-20 17:53:25,35.8656,-101.9732,48.99,39,1,20.71
119,Clyde River,CA,2021-01-20 17:53:25,70.4692,-68.5914,-0.4,92,75,3.44
120,Bethel,US,2021-01-20 17:53:00,41.3712,-73.414,36.0,58,96,1.01
121,Korla,CN,2021-01-20 17:53:29,41.7597,86.1469,21.31,84,1,2.37
122,Lashio,MM,2021-01-20 17:53:29,22.9333,97.75,49.82,84,23,1.23
123,Chokurdakh,RU,2021-01-20 17:53:29,70.6333,147.9167,-37.26,83,34,5.1
124,Arcos,BR,2021-01-20 17:50:52,-20.2819,-45.5394,80.96,59,100,7.25
125,Katsuura,JP,2021-01-20 17:53:31,35.1333,140.3,37.4,56,20,5.75
126,Khatanga,RU,2021-01-20 17:53:31,71.9667,102.5,-27.36,86,100,6.93
127,Lebu,CL,2021-01-20 17:53:31,-37.6167,-73.65,64.72,64,0,19.26
128,Paralimni,CY,2021-01-20 17:53:35,35.0375,33.9833,46.0,61,0,6.91
129,Williamsburg,US,2021-01-20 17:53:35,37.2707,-76.7075,51.8,28,1,16.11
130,Isangel,VU,2021-01-20 17:53:35,-19.55,169.2667,78.48,83,98,10.47
131,Vao,NC,2021-01-20 17:53:36,-22.6667,167.4833,75.43,78,86,17.09
132,Vestmanna,FO,2021-01-20 17:53:37,62.1564,-7.1664,35.6,93,75,4.61
133,Volgorechensk,RU,2021-01-20 17:53:37,57.4393,41.1555,23.0,86,90,11.18
134,Paamiut,GL,2021-01-20 17:53:37,61.994,-49.6678,28.54,85,77,5.73
135,Ponta Delgada,PT,2021-01-20 17:53:37,37.7333,-25.6667,63.0,94,75,16.11
136,Pundaguitan,PH,2021-01-20 17:53:39,6.3711,126.1689,82.29,76,89,5.95
137,Sobolevo,RU,2021-01-20 17:53:40,54.4299,31.8996,2.48,93,43,9.91
138,Yumen,CN,2021-01-20 17:53:40,40.2833,97.2,19.4,78,51,20.07
139,Auki,SB,2021-01-20 17:53:40,-8.7676,160.7034,77.52,85,50,5.39
140,Yongan,CN,2021-01-20 17:53:41,39.6957,113.6871,25.12,74,100,2.3
141,Cidreira,BR,2021-01-20 17:53:42,-30.1811,-50.2056,76.14,69,61,12.91
142,Santa Catarina De Tepehuanes,MX,2021-01-20 17:53:42,25.35,-105.7333,61.66,54,100,6.06
143,Ahipara,NZ,2021-01-20 17:53:43,-35.1667,173.1667,57.58,70,0,9.73
144,Zyryanka,RU,2021-01-20 17:53:43,65.75,150.85,-43.65,80,33,3.18
145,Zhigansk,RU,2021-01-20 17:53:44,66.7697,123.3711,-46.62,74,82,6.17
146,Waingapu,ID,2021-01-20 17:53:45,-9.6567,120.2641,77.54,83,100,5.44
147,Kabare,CD,2021-01-20 17:53:45,-2.4683,28.8242,63.95,85,100,1.68
148,Alofi,NU,2021-01-20 17:50:33,-19.0595,-169.9187,71.6,94,81,2.3
149,Hithadhoo,MV,2021-01-20 17:53:49,-0.6,73.0833,81.9,74,42,10.09
150,Kabompo,ZM,2021-01-20 17:53:49,-13.5927,24.2008,68.99,90,95,1.36
151,Kodiak,US,2021-01-20 17:52:51,57.79,-152.4072,39.2,81,20,13.8
152,Baruun-Urt,MN,2021-01-20 17:53:50,46.6806,113.2792,6.06,90,7,10.07
153,San Policarpo,PH,2021-01-20 17:53:51,12.1791,125.5072,81.0,82,95,7.74
154,Berdigestyakh,RU,2021-01-20 17:53:59,62.0989,126.6992,-36.83,81,100,3.65
155,Qeshm,IR,2021-01-20 17:53:59,26.9581,56.2719,69.8,82,0,4.61
156,Cabedelo,BR,2021-01-20 17:53:59,-6.9811,-34.8339,84.2,70,75,12.66
157,Caldono,CO,2021-01-20 17:54:00,2.7974,-76.4832,77.7,48,100,2.82
158,Champerico,GT,2021-01-20 17:54:00,14.3,-91.9167,87.8,55,0,6.91
159,Flinders,AU,2021-01-20 17:54:00,-34.5833,150.8552,57.99,82,53,1.01
160,Fukuma,JP,2021-01-20 17:52:18,33.7667,130.4667,43.0,93,20,1.14
161,Bathsheba,BB,2021-01-20 17:54:01,13.2167,-59.5167,82.4,65,40,18.41
162,East London,ZA,2021-01-20 17:54:01,-33.0153,27.9116,68.0,77,20,5.75
163,Sechura,PE,2021-01-20 17:54:01,-5.5569,-80.8222,83.16,48,40,10.47
164,Teguldet,RU,2021-01-20 17:54:01,57.3064,88.1667,-25.2,85,8,2.33
165,Paragould,US,2021-01-20 17:51:38,36.0584,-90.4973,44.01,52,1,4.61
166,Sol-Iletsk,RU,2021-01-20 17:54:02,51.1631,54.9918,-0.09,93,97,6.46
167,Namibe,AO,2021-01-20 17:54:02,-15.1961,12.1522,73.81,72,76,10.85
168,Victoria,HK,2021-01-20 17:49:34,22.2855,114.1577,66.0,81,97,1.01
169,Westport,US,2021-01-20 17:51:01,41.1415,-73.3579,41.0,56,75,13.8
170,Hedaru,TZ,2021-01-20 17:54:04,-4.5,37.9,76.68,63,68,4.97
171,Atakpame,TG,2021-01-20 17:54:04,7.5333,1.1333,89.46,15,27,4.16
172,Kardamaina,GR,2021-01-20 17:54:06,36.7814,27.1425,46.4,61,20,3.44
173,Diamantino,BR,2021-01-20 17:54:06,-14.4086,-56.4461,87.78,56,81,4.32
174,Nampula,MZ,2021-01-20 17:54:11,-15.1165,39.2666,74.21,94,92,2.13
175,Villamontes,BO,2021-01-20 17:54:11,-21.25,-63.5,91.4,38,0,8.05
176,San Jeronimo,PE,2021-01-20 17:54:11,-11.9472,-75.2829,58.93,61,85,4.61
177,Progreso,MX,2021-01-20 17:54:11,21.2833,-89.6667,82.0,65,75,13.8
178,Esperance,AU,2021-01-20 17:54:13,-33.8667,121.9,64.4,94,90,6.91
179,Yurimaguas,PE,2021-01-20 17:54:13,-5.9,-76.0833,80.6,69,40,3.6
180,Lompoc,US,2021-01-20 17:52:20,34.6391,-120.4579,66.0,53,0,3.89
181,Kiruna,SE,2021-01-20 17:54:14,67.8557,20.2251,5.0,92,90,3.36
182,Puerto Ayora,EC,2021-01-20 17:54:14,-0.7393,-90.3518,82.4,69,20,23.02
183,Nikolayevsk-Na-Amure,RU,2021-01-20 17:54:15,53.1406,140.73,-15.18,79,44,2.68
184,Henties Bay,NA,2021-01-20 17:54:18,-22.116,14.2845,69.01,85,29,3.0
185,Artyom,AZ,2021-01-20 17:54:19,40.4723,50.333,35.6,93,90,23.02
186,Guadalajara,MX,2021-01-20 17:54:19,20.6667,-103.3333,71.01,49,90,3.02
187,Ketrzyn,PL,2021-01-20 17:54:20,54.0768,21.3753,34.09,97,100,13.87
188,Ternate,ID,2021-01-20 17:54:20,0.8,127.4,80.64,81,31,4.52
189,Luderitz,NA,2021-01-20 17:54:20,-26.6481,15.1594,70.16,69,28,12.03
190,Springbok,ZA,2021-01-20 17:54:20,-29.6643,17.8865,82.8,26,0,5.73
191,Kirs,RU,2021-01-20 17:54:20,59.3388,52.2447,-0.47,93,98,5.79
192,Mataram,ID,2021-01-20 17:54:21,-8.5833,116.1167,73.4,94,75,9.22
193,Gizo,SB,2021-01-20 17:54:22,-8.103,156.8419,82.18,74,97,11.48
194,Kaitangata,NZ,2021-01-20 17:54:22,-46.2817,169.8464,53.01,74,85,11.99
195,Aden,YE,2021-01-20 17:51:35,12.7794,45.0367,77.34,61,15,12.1
196,Pafos,CY,2021-01-20 17:54:24,34.7667,32.4167,44.6,61,20,5.75
197,Nemuro,JP,2021-01-20 17:54:24,43.3236,145.575,20.03,89,81,11.39
198,Kavieng,PG,2021-01-20 17:54:24,-2.5744,150.7967,81.14,76,100,10.78
199,Roald,NO,2021-01-20 17:54:25,62.5833,6.1333,39.2,52,0,13.8
200,Southbridge,US,2021-01-20 17:54:27,42.0751,-72.0334,35.01,48,97,1.01
201,Coihaique,CL,2021-01-20 17:54:27,-45.5752,-72.0662,68.0,49,75,20.71
202,Touros,BR,2021-01-20 17:54:27,-5.1989,-35.4608,86.0,70,40,18.41
203,Broken Hill,AU,2021-01-20 17:54:01,-31.95,141.4333,69.8,17,0,5.75
204,Kolosovka,RU,2021-01-20 17:54:28,56.4678,73.611,-3.3,91,100,14.56
205,Dongli,CN,2021-01-20 17:54:28,23.5656,116.8194,62.6,82,75,2.89
206,Husavik,IS,2021-01-20 17:54:31,66.0449,-17.3389,28.4,86,75,12.66
207,Rognan,NO,2021-01-20 17:54:31,67.0953,15.3878,26.6,54,40,25.32
208,Jaguarao,BR,2021-01-20 17:54:31,-32.5661,-53.3758,81.3,47,0,14.05
209,Inta,RU,2021-01-20 17:52:43,66.0317,60.1659,-1.37,87,100,16.02
210,Kedrovyy,RU,2021-01-20 17:54:32,56.1667,91.8167,-25.6,75,0,2.46
211,Port Lincoln,AU,2021-01-20 17:54:32,-34.7333,135.8667,66.43,65,0,8.21
212,Troitsko-Pechorsk,RU,2021-01-20 17:54:32,62.7084,56.1964,5.2,95,100,4.36
213,Eyl,SO,2021-01-20 17:54:32,7.9803,49.8164,76.75,76,93,20.56
214,Lagunas,PE,2021-01-20 17:54:34,-5.2269,-75.6753,73.58,97,100,3.67
215,Saint-Augustin,CA,2021-01-20 17:54:34,51.226,-58.6502,10.31,90,95,16.49
216,Vanimo,PG,2021-01-20 17:54:34,-2.6741,141.3028,76.62,84,100,2.82
217,Bilibino,RU,2021-01-20 17:54:34,68.0546,166.4372,-30.89,78,84,1.03
218,Poya,NC,2021-01-20 17:54:34,-21.35,165.15,73.98,86,93,8.81
219,Samarai,PG,2021-01-20 17:54:35,-10.6167,150.6667,82.99,78,93,11.07
220,Bambous Virieux,MU,2021-01-20 17:54:35,-20.3428,57.7575,81.0,94,40,1.14
221,Cayenne,GF,2021-01-20 17:54:35,4.9333,-52.3333,84.2,70,75,9.22
222,Svetlogorsk,BY,2021-01-20 17:54:35,52.6333,29.7333,12.74,94,99,12.28
223,Saint-Pierre,RE,2021-01-20 17:54:35,-21.3393,55.4781,82.4,74,90,3.44
224,Olavarria,AR,2021-01-20 17:54:35,-36.8927,-60.3225,89.01,34,0,7.0
225,Qingquan,CN,2021-01-20 17:54:37,30.4511,115.2559,52.43,65,100,2.39
226,Kronach,DE,2021-01-20 17:54:37,50.2396,11.3331,37.99,84,95,4.32
227,San Patricio,US,2021-01-20 17:54:37,28.017,-97.5169,66.2,88,90,6.91
228,Salalah,OM,2021-01-20 17:54:40,17.0151,54.0924,75.2,38,0,4.61
229,Salme,NP,2021-01-20 17:54:41,28.0369,85.0942,46.4,81,20,3.44
230,Gat,IL,2021-01-20 17:54:01,31.61,34.7642,53.01,100,17,11.81
231,Ancud,CL,2021-01-20 17:54:41,-41.8697,-73.8203,66.72,71,27,9.89
232,Sayyan,YE,2021-01-20 17:54:42,15.1718,44.3244,50.13,45,0,0.27
233,Adrar,MR,2021-01-20 17:54:42,20.5022,-10.0711,74.28,17,100,10.8
234,Challakere,IN,2021-01-20 17:54:42,14.3167,76.65,73.33,30,1,5.75
235,Angoram,PG,2021-01-20 17:54:58,-4.0625,144.0661,72.82,97,100,1.36
236,Acarau,BR,2021-01-20 17:55:01,-2.8856,-40.12,84.72,63,94,16.64
237,Neuquen,AR,2021-01-20 17:55:01,-38.9516,-68.0591,91.4,29,0,5.75
238,Marawi,PH,2021-01-20 17:55:02,7.9986,124.2928,75.0,95,98,1.99
239,Richards Bay,ZA,2021-01-20 17:55:02,-28.783,32.0377,74.01,81,53,9.86
240,Dayong,CN,2021-01-20 17:55:03,25.0209,118.2898,62.6,82,0,3.49
241,Pacific Grove,US,2021-01-20 17:55:03,36.6177,-121.9166,57.99,28,1,4.61
242,Compiegne,FR,2021-01-20 17:55:03,49.4179,2.8261,53.6,54,75,20.71
243,Milton,US,2021-01-20 17:53:22,34.1322,-84.3007,52.0,45,28,4.0
244,Bandarbeyla,SO,2021-01-20 17:55:04,9.4942,50.8122,75.33,80,88,19.01
245,Saint Anthony,US,2021-01-20 17:55:04,45.0205,-93.218,30.99,64,75,12.66
246,Mehamn,NO,2021-01-20 17:55:04,71.0357,27.8492,17.6,93,90,4.61
247,Upington,ZA,2021-01-20 17:54:19,-28.4478,21.2561,91.4,35,20,13.8
248,Erzin,TR,2021-01-20 17:55:06,36.9559,36.2,39.99,41,0,15.01
249,Torbay,CA,2021-01-20 17:55:06,47.6666,-52.7314,30.0,68,75,26.46
250,Mariana,BR,2021-01-20 17:55:07,-20.3778,-43.4161,81.5,47,59,8.01
251,Hasaki,JP,2021-01-20 17:55:07,35.7333,140.8333,32.0,80,75,1.14
252,Pangnirtung,CA,2021-01-20 17:55:07,66.1451,-65.7125,24.8,80,75,9.22
253,Hualmay,PE,2021-01-20 17:55:07,-11.0964,-77.6139,76.66,67,33,12.01
254,Pucallpa,PE,2021-01-20 17:55:07,-8.3791,-74.5539,78.8,73,75,2.3
255,Fremont,US,2021-01-20 17:55:10,37.5483,-121.9886,57.0,47,1,1.52
256,Tuatapere,NZ,2021-01-20 17:55:12,-46.1333,167.6833,53.01,83,97,10.0
257,Bardiyah,LY,2021-01-20 17:55:12,31.7561,25.0865,53.98,55,0,6.02
258,Jojoima,SL,2021-01-20 17:55:12,7.8792,-10.7878,87.04,41,2,3.11
259,Koumac,NC,2021-01-20 17:55:12,-20.5667,164.2833,76.24,84,100,13.73
260,Nhulunbuy,AU,2021-01-20 17:55:13,-12.2333,136.7667,77.0,83,90,17.27
261,Immokalee,US,2021-01-20 17:55:13,26.4187,-81.4173,73.4,46,1,8.05
262,Innisfail,AU,2021-01-20 17:55:13,-17.5333,146.0333,75.96,93,100,4.97
263,Cherskiy,RU,2021-01-20 17:55:13,68.75,161.3,-43.83,78,92,6.15
264,Mount Isa,AU,2021-01-20 17:55:14,-20.7333,139.5,82.4,51,90,4.61
265,Southampton,GB,2021-01-20 17:55:15,50.904,-1.4043,51.8,87,75,17.27
266,Ilulissat,GL,2021-01-20 17:55:15,69.2167,-51.1,26.6,63,75,1.14
267,Graaff-Reinet,ZA,2021-01-20 17:55:15,-32.2522,24.5308,75.99,56,0,7.0
268,Gweru,ZW,2021-01-20 17:55:16,-19.45,29.8167,64.78,97,58,4.03
269,Srandakan,ID,2021-01-20 17:55:17,-7.9386,110.2506,78.39,84,100,2.44
270,Evensk,RU,2021-01-20 17:55:17,61.95,159.2333,-14.57,76,11,8.43
271,Talcahuano,CL,2021-01-20 17:55:17,-36.7167,-73.1167,59.0,88,90,12.66
272,Asau,RO,2021-01-20 17:55:17,46.4333,26.4,34.0,93,75,9.22
273,Indramayu,ID,2021-01-20 17:55:17,-6.3264,108.32,79.21,81,100,6.93
274,Saint-Tite,CA,2021-01-20 17:55:18,46.7334,-72.5658,19.99,67,96,3.44
275,Iqaluit,CA,2021-01-20 17:55:18,63.7506,-68.5145,5.0,72,75,17.27
276,Ruteng,ID,2021-01-20 17:55:19,-8.6136,120.4721,62.49,100,100,0.98
277,Wanning,CN,2021-01-20 17:55:19,18.8003,110.3967,69.78,92,81,6.49
278,Beloha,MG,2021-01-20 17:55:19,-25.1667,45.05,78.37,82,32,17.81
279,Masuguru,TZ,2021-01-20 17:55:20,-11.3667,38.4167,77.76,82,97,2.68
280,Roma,US,2021-01-20 17:55:20,43.2128,-75.4557,28.99,68,90,13.8
281,Komsomolskiy,UZ,2021-01-20 17:55:21,40.4272,71.7189,46.4,46,43,11.5
282,Palmer,US,2021-01-20 17:51:49,42.1584,-72.3287,37.4,56,75,11.5
283,Camacha,PT,2021-01-20 17:55:22,33.0833,-16.3333,64.4,77,20,13.8
284,Aldan,RU,2021-01-20 17:55:22,58.6031,125.3894,-24.03,85,100,3.94
285,Tuktoyaktuk,CA,2021-01-20 17:55:22,69.4541,-133.0374,-2.2,84,90,5.75
286,Dhidhdhoo,MV,2021-01-20 17:54:42,6.8833,73.1,81.54,72,2,8.37
287,Itarema,BR,2021-01-20 17:55:22,-2.9248,-39.9167,84.54,64,83,15.64
288,Marsaxlokk,MT,2021-01-20 17:55:22,35.8419,14.5431,57.0,71,20,10.36
289,Sinop,TR,2021-01-20 17:55:23,41.7711,34.8709,23.54,90,40,9.62
290,Tomatlan,MX,2021-01-20 17:55:24,19.9333,-105.25,82.87,50,98,5.03
291,Bengkulu,ID,2021-01-20 17:55:24,-3.8004,102.2655,77.52,81,99,6.42
292,Villa Bruzual,VE,2021-01-20 17:55:25,9.3328,-69.1208,91.87,41,71,3.06
293,Lorengau,PG,2021-01-20 17:55:27,-2.0226,147.2712,81.57,76,100,10.74
294,Okhotsk,RU,2021-01-20 17:55:28,59.3833,143.3,-9.24,81,83,6.29
295,Port Pirie,AU,2021-01-20 17:55:28,-33.1833,138.0167,66.2,55,0,3.44
296,Dicabisagan,PH,2021-01-20 17:55:28,17.0818,122.4157,77.16,90,100,11.81
297,Svetlaya,RU,2021-01-20 17:55:31,46.5389,138.3297,11.32,84,77,5.19
298,Bahia Blanca,AR,2021-01-20 17:55:31,-38.7196,-62.2724,98.85,12,0,9.33
299,Corrales,US,2021-01-20 17:55:32,35.2378,-106.6067,34.0,79,97,3.98
300,Sao Joao Da Barra,BR,2021-01-20 17:53:29,-21.6403,-41.0511,87.8,42,0,18.41
301,Rocha,UY,2021-01-20 17:55:33,-34.4833,-54.3333,81.75,41,0,13.2
302,Hede,CN,2021-01-20 17:55:33,33.7681,120.2517,47.17,96,99,5.5
303,Joaima,BR,2021-01-20 17:55:33,-16.6542,-41.0306,84.09,51,44,8.08
304,Thiruvananthapuram,IN,2021-01-20 17:55:35,8.4833,76.9167,82.4,78,20,3.4
305,Tessalit,ML,2021-01-20 17:55:35,20.1986,1.0114,70.07,18,41,9.33
306,Udachnyy,RU,2021-01-20 17:55:35,66.4167,112.4,-57.17,52,71,2.73
307,Shakiso,ET,2021-01-20 17:55:35,5.75,38.9167,64.4,37,82,4.56
308,Port-De-Bouc,FR,2021-01-20 17:55:35,43.4,4.9833,55.4,76,75,27.63
309,Nsoko,SZ,2021-01-20 17:55:35,-27.0333,31.95,82.4,61,98,13.8
310,Kahului,US,2021-01-20 17:55:36,20.8947,-156.47,71.6,73,1,5.75
311,Pevek,RU,2021-01-20 17:55:36,69.7008,170.3133,-33.88,82,26,2.39
312,Sri Aman,MY,2021-01-20 17:55:37,1.2376,111.4621,75.2,100,97,0.38
313,Byron Bay,AU,2021-01-20 17:55:37,-28.65,153.6167,66.2,94,75,6.91
314,Ardakan,IR,2021-01-20 17:55:38,32.31,54.0175,66.2,20,20,16.11
315,La Libertad,EC,2021-01-20 17:55:38,-2.2333,-80.9,84.2,65,40,10.36
316,Iberia,US,2021-01-20 17:55:39,29.9502,-91.7507,71.01,72,40,5.75
317,Avera,US,2021-01-20 17:55:39,33.194,-82.5271,60.8,31,1,11.5
318,Benguela,AO,2021-01-20 17:55:39,-12.5763,13.4055,78.24,70,26,9.17
319,Jiazi,CN,2021-01-20 17:55:40,22.8779,116.067,63.27,83,99,14.61
320,Brae,GB,2021-01-20 17:55:40,60.3964,-1.353,41.0,75,40,27.63
321,Leningradskiy,RU,2021-01-20 17:55:40,69.3833,178.4167,-25.74,80,1,2.57
322,Kiunga,PG,2021-01-20 17:55:40,-6.1219,141.2906,73.36,99,100,0.98
323,Saint Stephen,GB,2021-01-20 17:55:40,50.3333,-4.9,51.8,93,75,20.71
324,Ponta Do Sol,PT,2021-01-20 17:55:41,32.6667,-17.1,62.01,66,77,4.0
325,Houma,US,2021-01-20 17:55:42,29.5958,-90.7195,69.01,72,75,5.75
326,Kibuye,RW,2021-01-20 17:55:42,-2.0597,29.3482,66.29,80,100,3.65
327,Tankhoy,RU,2021-01-20 17:55:42,51.5528,105.1306,2.88,90,100,4.72
328,Maldonado,UY,2021-01-20 17:51:53,-34.6667,-54.9167,80.6,61,20,13.8
329,Kruisfontein,ZA,2021-01-20 17:55:43,-34.0033,24.7314,69.01,74,68,5.01
330,Te Anau,NZ,2021-01-20 17:55:45,-45.4167,167.7167,47.71,88,100,3.47
331,Sao Paulo De Olivenca,BR,2021-01-20 17:55:45,-3.3783,-68.8725,78.96,85,98,2.73
332,North Myrtle Beach,US,2021-01-20 17:55:45,33.816,-78.68,63.0,44,1,8.05
333,Shahganj,IN,2021-01-20 17:55:45,26.05,82.6833,60.8,82,0,4.61
334,Del Rio,US,2021-01-20 17:55:45,29.3627,-100.8968,48.2,87,90,12.66
335,Platteville,US,2021-01-20 17:55:45,42.7342,-90.4785,21.0,79,1,14.97
336,Denpasar,ID,2021-01-20 17:55:28,-8.65,115.2167,80.6,94,40,2.3
337,San Quintin,MX,2021-01-20 17:55:46,30.4833,-115.95,61.45,76,100,18.25
338,Kanniyakumari,IN,2021-01-20 17:55:46,8.0833,77.5667,79.41,74,55,5.1
339,Waipawa,NZ,2021-01-20 17:55:49,-41.4122,175.5153,59.0,67,30,20.71
340,Port Hedland,AU,2021-01-20 17:55:49,-20.3167,118.5667,82.4,83,42,15.7
341,Chara,RU,2021-01-20 17:55:50,56.9064,118.2631,-15.07,71,100,3.42
342,Sorkjosen,NO,2021-01-20 17:55:51,69.8,20.9333,19.4,63,40,14.97
343,Vila,PT,2021-01-20 17:55:51,42.0304,-8.1588,48.99,94,100,18.01
344,Ouro Preto Do Oeste,BR,2021-01-20 17:52:01,-10.7481,-62.2158,72.95,97,100,4.16
345,Dinguiraye,GN,2021-01-20 17:55:52,11.3,-10.7167,89.53,12,2,3.53
346,Hervey Bay,AU,2021-01-20 17:55:52,-25.2986,152.8535,75.99,73,40,10.36
347,Cockburn Town,TC,2021-01-20 17:55:52,21.4612,-71.1419,80.6,65,40,9.22
348,Beni,CD,2021-01-20 17:55:53,0.5,29.4667,68.59,76,88,3.27
349,Comodoro Rivadavia,AR,2021-01-20 17:51:32,-45.8667,-67.5,84.2,30,0,16.11
350,Baghdad,IQ,2021-01-20 17:52:28,33.3406,44.4009,51.8,76,75,5.75
351,Guerrero Negro,MX,2021-01-20 17:55:53,27.9769,-114.0611,72.63,52,28,25.03
352,Antofagasta,CL,2021-01-20 17:55:54,-23.65,-70.4,75.0,60,20,16.11
353,Port Talbot,GB,2021-01-20 17:55:54,51.5924,-3.7802,50.0,95,100,5.01
354,Oruro,BO,2021-01-20 17:55:38,-17.9833,-67.15,59.0,47,83,10.83
355,Uarini,BR,2021-01-20 17:55:54,-2.99,-65.1083,82.4,89,75,5.75
356,Shiyan,CN,2021-01-20 17:55:55,32.6475,110.7781,44.38,59,87,0.85
357,Kinkala,CG,2021-01-20 17:55:56,-4.3614,14.7644,87.8,58,20,3.44
358,Grindavik,IS,2021-01-20 17:55:57,63.8424,-22.4338,24.8,74,75,24.16
359,Providencia,MX,2021-01-20 17:55:57,28.7167,-111.5833,66.0,80,93,11.01
360,Mahebourg,MU,2021-01-20 17:55:59,-20.4081,57.7,78.8,94,40,1.14
361,Priargunsk,RU,2021-01-20 17:56:00,50.3691,119.1012,-3.64,84,70,4.63
362,Salekhard,RU,2021-01-20 17:56:00,66.53,66.6019,-20.29,87,100,16.11
363,Terney,RU,2021-01-20 17:56:00,45.0503,136.6092,16.09,89,34,4.5
364,Saint George,US,2021-01-20 17:56:00,37.1041,-113.5841,52.0,48,53,4.34
365,Shingu,JP,2021-01-20 17:56:04,33.7333,135.9833,39.24,73,0,5.21
366,Aklavik,CA,2021-01-20 17:56:04,68.2191,-135.0107,3.2,85,90,4.61
367,Lata,PT,2021-01-20 17:56:04,40.1629,-8.3327,57.0,91,100,1.99
368,Svobodnyy,RU,2021-01-20 17:56:05,51.4,128.1333,-15.86,87,85,12.17
369,Storforshei,NO,2021-01-20 17:56:05,66.4043,14.5233,23.0,58,75,17.27
370,Gazojak,TM,2021-01-20 17:56:06,41.1875,61.4036,36.61,81,1,11.16
371,Tinaquillo,VE,2021-01-20 17:56:06,9.9186,-68.3047,84.74,53,76,2.33
372,Weligama,LK,2021-01-20 17:56:06,5.9667,80.4167,77.14,84,10,5.03
373,College,US,2021-01-20 17:56:07,64.8569,-147.8028,10.99,78,75,5.75
374,Urengoy,RU,2021-01-20 17:56:07,65.9667,78.3667,-34.51,84,3,2.66
375,Mandalgovi,MN,2021-01-20 17:51:16,45.7625,106.2708,15.15,83,68,9.4
376,Pemangkat,ID,2021-01-20 17:56:08,1.1667,108.9667,77.97,88,100,8.97
377,Beausejour,CA,2021-01-20 17:56:08,50.0622,-96.5167,37.99,70,97,6.91
378,Ferrol,ES,2021-01-20 17:56:15,43.4832,-8.2369,55.99,70,95,10.0
379,Aitape,PG,2021-01-20 17:56:17,-3.1374,142.3475,77.68,81,100,2.53
380,Arlit,NE,2021-01-20 17:56:17,18.7369,7.3853,71.01,19,0,10.33
381,Brits,ZA,2021-01-20 17:56:18,-25.6347,27.7802,84.2,39,0,6.91
382,Brindisi,IT,2021-01-20 17:56:19,40.5833,17.6667,50.0,81,0,3.44
383,Koshki,RU,2021-01-20 17:56:19,54.2091,50.4677,-2.0,93,95,8.08
384,Pitimbu,BR,2021-01-20 17:56:19,-7.4706,-34.8086,84.2,70,75,12.66
385,Maicao,CO,2021-01-20 17:56:19,11.3832,-72.2432,85.17,54,16,17.58
386,Praia Da Vitoria,PT,2021-01-20 17:56:20,38.7333,-27.0667,69.8,68,20,16.11
387,Kamenka,RU,2021-01-20 17:56:21,51.3223,42.7678,-6.16,92,83,7.14
388,Noumea,NC,2021-01-20 17:56:22,-22.2763,166.4572,79.0,83,75,3.44
389,Saldanha,ZA,2021-01-20 17:56:22,-33.0117,17.9442,82.4,30,0,12.66
390,Georgetown,MY,2021-01-20 17:56:22,5.4112,100.3354,77.0,88,20,6.49
391,Wamba,NG,2021-01-20 17:56:22,8.9333,8.6,82.4,15,0,4.47
392,Puerto Madryn,AR,2021-01-20 17:56:23,-42.7692,-65.0385,86.54,26,0,13.53
393,Djibo,BF,2021-01-20 17:56:23,14.1022,-1.6306,80.96,15,0,10.69
394,Kimbe,PG,2021-01-20 17:56:23,-5.5502,150.1429,75.94,89,99,2.21
395,Najran,SA,2021-01-20 17:56:23,17.4924,44.1277,66.2,18,0,3.44
396,Waddan,LY,2021-01-20 17:56:24,29.1614,16.139,53.53,45,0,8.37
397,Kardla,EE,2021-01-20 17:56:24,58.9978,22.7492,24.8,93,90,19.57
398,Serebryansk,KZ,2021-01-20 17:56:24,49.6925,83.2892,26.6,93,90,13.42
399,Sur,OM,2021-01-20 17:53:33,22.5667,59.5289,69.91,66,0,4.41
400,Issoire,FR,2021-01-20 17:56:26,45.55,3.25,53.6,50,90,27.63
401,Cabo San Lucas,MX,2021-01-20 17:56:27,22.8909,-109.9124,64.4,82,90,5.75
402,Nyuksenitsa,RU,2021-01-20 17:56:28,60.4128,44.2397,1.33,94,90,5.37
403,Socorro,US,2021-01-20 17:56:29,31.6546,-106.3033,44.01,75,90,9.22
404,Katesh,TZ,2021-01-20 17:56:30,-4.5167,35.3833,59.2,90,48,2.13
405,Lahad Datu,MY,2021-01-20 17:56:30,5.0268,118.327,77.52,87,90,2.1
406,Ambilobe,MG,2021-01-20 17:56:30,-13.2,49.05,74.5,92,100,0.58
407,Shaunavon,CA,2021-01-20 17:52:04,49.6501,-108.4181,24.8,54,2,18.41
408,Marystown,CA,2021-01-20 17:56:30,47.1666,-55.1483,26.19,92,100,27.36
409,Chabahar,IR,2021-01-20 17:56:31,25.2919,60.643,69.87,72,0,3.76
410,Medea,DZ,2021-01-20 17:56:31,36.2642,2.7539,60.8,39,0,4.61
411,Marquette,US,2021-01-20 17:53:46,46.5333,-87.6335,14.0,63,100,7.0
412,Gogrial,SS,2021-01-20 17:56:31,8.5332,28.1004,76.44,17,0,5.37
413,Vardo,NO,2021-01-20 17:56:31,70.3705,31.1107,24.8,63,20,20.71
414,Aniva,RU,2021-01-20 17:56:31,46.7144,142.5294,-4.0,84,98,2.24
415,Narsaq,GL,2021-01-20 17:56:31,60.9167,-46.05,39.2,28,75,20.71
416,Shache,CN,2021-01-20 17:56:39,38.4167,77.2406,31.32,72,2,4.03
417,Grodzisk Wielkopolski,PL,2021-01-20 17:56:39,52.2276,16.3653,42.8,75,20,9.22
418,Nishihara,JP,2021-01-20 17:56:40,26.1842,127.7558,69.8,73,75,8.05
419,Zeya,RU,2021-01-20 17:56:40,53.75,127.2667,-22.72,81,96,3.0
420,Nosy Varika,MG,2021-01-20 17:56:40,-20.5833,48.5333,79.59,88,93,5.59
421,Sept-Iles,CA,2021-01-20 17:54:39,50.2001,-66.3821,9.0,56,0,9.22
422,Plouzane,FR,2021-01-20 17:56:40,48.3833,-4.6167,51.8,93,90,17.27
423,Wajima,JP,2021-01-20 17:56:41,37.4,136.9,37.94,77,0,4.65
424,Kolokani,ML,2021-01-20 17:56:41,13.5728,-8.0339,88.07,12,2,8.21
425,Kyra,RU,2021-01-20 17:56:41,49.5776,111.9753,5.31,84,64,5.39
426,Jinji,CN,2021-01-20 17:56:41,23.2281,110.8261,62.53,72,87,2.57
427,Sovetskiy,RU,2021-01-20 17:56:42,61.3614,63.5842,-0.71,93,100,6.35
428,Jiangyou,CN,2021-01-20 17:56:42,31.7667,104.7167,44.62,69,99,2.28
429,Fallon,US,2021-01-20 17:56:43,39.4735,-118.7774,35.01,50,1,1.45
430,Staraya Kulatka,RU,2021-01-20 17:56:43,52.7167,47.6167,-6.81,89,47,5.64
431,Minuri,PH,2021-01-20 17:56:43,16.535,121.8574,72.54,92,100,3.06
432,Veraval,IN,2021-01-20 17:56:45,20.9,70.3667,69.91,46,0,8.84
433,Elat,IL,2021-01-20 17:56:45,29.5581,34.9482,57.2,47,20,11.5
434,Faya,SA,2021-01-20 17:56:45,18.3851,42.4509,59.0,88,0,4.61
435,Oktyabrskiy,RU,2021-01-20 17:56:45,54.4815,53.471,-6.61,90,99,6.91
436,Comendador,DO,2021-01-20 17:56:46,18.8775,-71.7028,84.16,42,86,2.71
437,Belaya Gora,RU,2021-01-20 17:56:49,68.5333,146.4167,-45.33,80,38,2.1
438,Mbigou,GA,2021-01-20 17:56:49,-1.9005,11.906,69.96,96,69,2.44
439,Homer,US,2021-01-20 17:56:50,59.6425,-151.5483,39.0,80,75,6.64
440,Shu,KZ,2021-01-20 17:56:50,43.5983,73.7614,30.99,70,100,5.01
441,Labuhan,ID,2021-01-20 17:56:50,-6.8844,112.2051,78.3,86,100,7.78
442,Padang,ID,2021-01-20 17:54:24,-0.9492,100.3543,75.2,88,20,2.3
443,San Clemente,US,2021-01-20 17:55:27,33.427,-117.612,70.0,44,50,5.99
444,Huanuni,BO,2021-01-20 17:56:51,-18.2667,-66.85,48.83,66,92,11.79
445,Haines Junction,CA,2021-01-20 17:56:52,60.7522,-137.5108,-2.2,84,99,2.3
446,Yatou,CN,2021-01-20 17:56:53,37.15,122.3833,38.43,93,62,2.39
447,Bure,ET,2021-01-20 17:56:53,10.7,37.0667,64.98,37,80,7.78
448,Sangar,RU,2021-01-20 17:56:54,63.9242,127.4739,-35.28,83,100,3.24
449,Sainte-Maxime,FR,2021-01-20 17:56:54,43.3,6.6333,54.0,76,90,5.75
450,Jam Sahib,PK,2021-01-20 17:56:54,26.2958,68.6292,59.0,63,0,4.61
451,Teeli,RU,2021-01-20 17:56:54,51.0333,90.2333,2.98,87,94,1.03
452,Wajir,KE,2021-01-20 17:56:55,1.7471,40.0573,89.73,20,100,12.03
453,Karratha,AU,2021-01-20 17:56:55,-20.7377,116.8463,89.13,45,62,1.16
454,Mogadishu,SO,2021-01-20 17:55:25,2.0371,45.3438,79.61,80,98,23.91
455,Chumikan,RU,2021-01-20 17:56:56,54.7183,135.315,-9.4,86,100,14.18
456,Ribeira Brava,PT,2021-01-20 17:56:57,32.65,-17.0667,62.01,87,79,4.0
457,Bairiki,KI,2021-01-20 17:56:57,1.3292,172.9752,78.8,83,75,8.05
458,San Diego,US,2021-01-20 17:56:57,32.7153,-117.1573,70.0,37,40,13.8
459,Port Hardy,CA,2021-01-20 17:56:57,50.6996,-127.4199,37.4,100,90,5.75
460,Malakal,SS,2021-01-20 17:56:58,9.5334,31.6605,77.52,21,52,6.4
461,Sao Francisco De Assis,BR,2021-01-20 17:56:58,-29.5503,-55.1311,88.61,45,22,18.97
462,Bereda,ES,2021-01-20 17:56:59,43.2686,-7.5406,52.0,98,98,10.0
463,Kango,GA,2021-01-20 17:56:59,0.1943,10.0951,76.98,88,86,4.25
464,Gwanda,ZW,2021-01-20 17:56:59,-20.9333,29.0,68.18,93,49,7.52
465,Taltal,CL,2021-01-20 17:57:00,-25.4,-70.4833,70.7,60,6,6.89
466,Muzhi,RU,2021-01-20 17:57:01,65.3667,64.6667,-13.52,89,100,12.39
467,Santa Isabel Do Rio Negro,BR,2021-01-20 17:57:02,-0.4139,-65.0192,86.34,63,100,1.79
468,Pisco,PE,2021-01-20 17:57:02,-13.7,-76.2167,75.99,78,0,10.36
469,Tibiri,NE,2021-01-20 17:57:03,13.5627,7.0485,80.6,14,0,11.5
470,Den Helder,NL,2021-01-20 17:57:03,52.9599,4.7593,48.0,71,90,18.41
471,Los Llanos De Aridane,ES,2021-01-20 17:57:03,28.6585,-17.9182,68.0,64,0,4.61
472,Kirovsk,UA,2021-01-20 17:57:04,48.6375,38.6428,-0.81,92,25,4.27
473,Miri,MY,2021-01-20 17:57:04,4.4148,114.0089,77.0,100,40,3.44
474,Mizque,BO,2021-01-20 17:57:04,-17.941,-65.3402,70.39,51,78,11.25
475,Norman Wells,CA,2021-01-20 17:57:08,65.282,-126.8329,8.6,78,90,5.75
476,Ravar,IR,2021-01-20 17:57:09,31.2656,56.8055,54.36,34,62,6.91
477,Tucurui,BR,2021-01-20 17:57:10,-3.7661,-49.6725,72.95,93,100,1.52
478,Zhangye,CN,2021-01-20 17:57:11,38.9342,100.4517,20.61,67,35,3.58
479,San Lorenzo,PY,2021-01-20 17:57:12,-25.3333,-57.5333,87.8,62,75,10.36
480,Manaure,CO,2021-01-20 17:57:12,11.7751,-72.4445,86.52,50,34,18.97
481,Tutoia,BR,2021-01-20 17:57:12,-2.7619,-42.2744,84.2,74,75,14.97
482,Renqiu,CN,2021-01-20 17:57:12,38.6989,116.0936,26.94,87,100,2.44
483,Rio Grande,BR,2021-01-20 17:54:59,-32.035,-52.0986,80.6,57,75,14.97
484,Neijiang,CN,2021-01-20 17:57:13,29.5835,105.0622,47.89,76,100,1.66
485,Sumenep,ID,2021-01-20 17:57:13,-7.0167,113.8667,77.95,85,100,8.12
486,Nakusp,CA,2021-01-20 17:57:13,50.2499,-117.8023,28.99,93,26,3.44
487,Qunduz,AF,2021-01-20 17:57:14,36.729,68.857,49.91,52,5,1.81
488,Ayr,GB,2021-01-20 17:56:25,55.4627,-4.6339,37.4,93,75,2.3
489,Capoeiras,BR,2021-01-20 17:57:14,-8.7347,-36.6267,81.27,48,97,14.36
490,Vila Velha,BR,2021-01-20 17:55:43,-20.3297,-40.2925,89.6,45,40,14.97
491,Mangrol,IN,2021-01-20 17:57:16,21.1167,70.1167,68.79,44,0,11.54
492,Beringovskiy,RU,2021-01-20 17:57:16,63.05,179.3167,15.03,95,100,17.52
493,Mount Gambier,AU,2021-01-20 17:57:17,-37.8333,140.7667,50.0,93,94,5.75
494,Balakhninskiy,RU,2021-01-20 17:57:17,58.0106,114.2769,-15.23,82,100,2.64
495,San Andres,CO,2021-01-20 17:53:56,12.5847,-81.7006,84.2,70,20,21.85
496,Merauke,ID,2021-01-20 17:56:48,-8.4667,140.3333,80.15,83,100,9.13
497,La Palma,US,2021-01-20 17:57:18,33.8464,-118.0467,70.0,30,20,23.02
498,Namatanai,PG,2021-01-20 17:57:18,-3.6667,152.4333,79.3,74,92,7.54
499,Puerto Narino,CO,2021-01-20 17:57:19,-3.7703,-70.3831,80.6,83,75,4.61
500,Sergeyevka,KZ,2021-01-20 17:57:19,53.88,67.4158,0.75,92,100,15.99
501,Coquimbo,CL,2021-01-20 17:57:19,-29.9533,-71.3436,66.2,68,40,11.5
502,Bull Savanna,JM,2021-01-20 17:57:21,17.8868,-77.5902,81.09,62,0,6.6
503,Portland,US,2021-01-20 17:54:17,45.5234,-122.6762,39.0,100,75,1.16
504,Vestmannaeyjar,IS,2021-01-20 17:57:22,63.4427,-20.2734,30.2,64,0,17.27
505,Kargasok,RU,2021-01-20 17:57:22,59.0556,80.8572,-23.64,85,66,6.29
506,Kajaani,FI,2021-01-20 17:56:16,64.2273,27.7285,15.8,79,90,12.66
507,Tashtagol,RU,2021-01-20 17:57:23,52.7657,87.8894,5.86,90,99,3.15
508,Nerchinskiy Zavod,RU,2021-01-20 17:57:23,51.3088,119.61,-15.86,88,10,1.1
509,Ihosy,MG,2021-01-20 17:57:23,-22.4,46.1167,72.9,86,66,9.4
510,Saint-Ambroise,CA,2021-01-20 17:57:23,48.5501,-71.3324,9.0,72,75,8.05
511,Pimenta Bueno,BR,2021-01-20 17:57:23,-11.6725,-61.1936,74.44,94,100,4.45
512,Ust-Nera,RU,2021-01-20 17:57:23,64.5667,143.2,-19.57,67,100,0.83
513,Renfrew,GB,2021-01-20 17:57:24,55.872,-4.3925,35.6,93,20,4.61
514,Valparaiso,CL,2021-01-20 17:57:24,-33.0393,-71.6273,66.2,77,62,6.91
515,Mnogovershinnyy,RU,2021-01-20 17:57:24,53.9353,139.9242,-16.01,84,74,3.2
516,Newport,GB,2021-01-20 17:55:10,51.5877,-2.9984,52.0,99,100,5.99
517,Adre,TD,2021-01-20 17:57:25,13.4667,22.2,65.91,24,1,16.75
518,Grahamstown,ZA,2021-01-20 17:57:26,-33.3042,26.5328,70.0,84,91,1.99
519,Bulungu,CD,2021-01-20 17:53:08,-4.55,18.6,75.94,73,22,1.07
520,Praya,CV,2021-01-20 17:57:27,14.9215,-23.5087,77.0,53,95,20.71
521,Kijang,KR,2021-01-20 17:57:27,35.2442,129.2139,32.0,80,20,4.61
522,Jose Bonifacio,BR,2021-01-20 17:57:28,-21.0528,-49.6883,87.8,40,40,4.61
523,Axim,GH,2021-01-20 17:57:29,4.8699,-2.2405,80.94,80,98,5.99
524,Harper,LR,2021-01-20 17:57:29,4.375,-7.7169,81.68,75,91,4.81
525,Saint-Gaudens,FR,2021-01-20 17:57:29,43.0833,0.6667,57.2,38,75,9.22
526,Buckeye,US,2021-01-20 17:54:53,33.3703,-112.5838,68.0,33,92,3.0
527,Aswan,EG,2021-01-20 17:57:33,24.0934,32.907,57.22,37,0,13.85
528,Chiang Klang,TH,2021-01-20 17:57:33,19.2938,100.8617,63.5,66,0,1.01
529,Natal,BR,2021-01-20 17:53:44,-5.795,-35.2094,86.0,83,75,12.66
530,Tiarei,PF,2021-01-20 17:57:36,-17.5333,-149.3333,82.4,69,20,2.3
531,Rancho Palos Verdes,US,2021-01-20 17:57:38,33.7445,-118.387,69.01,38,1,18.99
532,Grand Gaube,MU,2021-01-20 17:57:38,-20.0064,57.6608,81.0,83,1,5.01
533,Ouahigouya,BF,2021-01-20 17:57:39,13.5828,-2.4216,82.54,14,0,10.96
534,Neiafu,TO,2021-01-20 17:57:42,-18.65,-173.9833,78.8,89,40,4.61
535,Hun,LY,2021-01-20 17:57:42,29.1268,15.9477,53.67,45,0,9.06
536,Ulladulla,AU,2021-01-20 17:57:42,-35.35,150.4667,55.0,100,68,3.6
537,Rantoul,US,2021-01-20 17:57:42,40.3084,-88.1559,28.0,63,1,9.22
538,Somerset West,ZA,2021-01-20 17:57:42,-34.084,18.8211,70.0,64,0,17.27
539,Kieta,PG,2021-01-20 17:57:42,-6.2167,155.6333,79.27,75,87,4.54
540,Port Macquarie,AU,2021-01-20 17:57:43,-31.4333,152.9167,64.4,94,90,1.14
541,Xinyu,CN,2021-01-20 17:57:43,27.8043,114.9334,53.71,62,18,3.71
542,Nueva Rosita,MX,2021-01-20 17:57:43,27.95,-101.2167,48.0,89,99,5.01
543,Fangshan,CN,2021-01-20 17:57:43,39.6983,115.9925,30.99,65,100,1.9
544,Abu Dhabi,AE,2021-01-20 17:57:44,24.4667,54.3667,69.8,78,0,4.12
545,Nalgonda,IN,2021-01-20 17:57:45,17.05,79.2667,71.22,50,0,7.09
546,Rassvet,RU,2021-01-20 17:57:45,46.8333,40.75,0.91,92,4,1.45
547,Pembroke,CA,2021-01-20 17:54:20,45.8168,-77.1162,10.0,56,20,10.36
548,Goderich,CA,2021-01-20 17:57:46,43.7501,-81.7165,23.0,68,100,11.5
549,Yarada,IN,2021-01-20 17:57:46,17.65,83.2667,73.4,94,0,2.3
550,Camocim,BR,2021-01-20 17:55:56,-2.9022,-40.8411,83.82,70,99,12.26
551,Kampot,KH,2021-01-20 17:57:46,10.6167,104.1833,74.35,70,59,6.15
552,Eresos,GR,2021-01-20 17:57:47,39.1667,25.9333,42.8,56,20,3.44
553,San Rafael,AR,2021-01-20 17:57:47,-34.6177,-68.3301,93.06,14,0,16.35
554,Kyshtovka,RU,2021-01-20 17:57:48,56.555,76.6271,-8.34,89,100,11.65
555,Otradnoye,RU,2021-01-20 17:57:48,59.7775,30.8181,15.8,86,90,4.47
556,Bavaniste,RS,2021-01-20 17:57:48,44.8189,20.8758,44.6,61,0,9.22
557,Dingle,PH,2021-01-20 17:57:48,10.9995,122.6711,76.14,91,100,3.76
558,Liverpool,GB,2021-01-20 17:57:50,53.4106,-2.9779,41.0,93,90,9.22
559,Bara,NG,2021-01-20 17:57:50,10.3744,10.7288,76.98,20,0,7.76
560,Yulara,AU,2021-01-20 17:57:51,-25.2406,130.9889,78.8,12,0,6.91
561,Sinnamary,GF,2021-01-20 17:57:52,5.3833,-52.95,81.72,70,96,9.8
562,Kazerun,IR,2021-01-20 17:57:53,29.6195,51.6541,56.44,38,1,6.08
